variant,use_gating,lambda_sparsity,seed,pehe_dml,pehe_plugin
no_gating,0,0.0,42,1.679444670677185,1.6895595788955688
no_gating,0,0.0,7,1.5175496339797974,1.5170782804489136
no_gating,0,0.0,1024,1.509568452835083,1.5094904899597168
gating_no_L1,1,0.0,42,1.7244553565979004,1.7343921661376953
gating_no_L1,1,0.0,7,1.5171399116516113,1.5172959566116333
gating_no_L1,1,0.0,1024,1.5139436721801758,1.5145478248596191
gating_L1,1,0.05,42,1.72416353225708,1.7342188358306885
gating_L1,1,0.05,7,1.517117977142334,1.5173197984695435
gating_L1,1,0.05,1024,1.5138148069381714,1.5143944025039673
